Time, xOrient, yOrient, zOrient, xGyro, yGyro, zGyro, xAccel, yAccel, zAccel, CalS, CalA, CalG, CalM, Depth
24244,258.38,2.69,-0.37,-0.25,0.37,16.06,-0.16,0.02,9.37,3,3,3,3,0
24278,257.88,2.63,-0.37,1,0.12,15.81,-0.6,0.29,9.21,3,3,3,3,0
24314,257.31,2.69,-0.31,-0.06,0.12,14.38,-0.31,0.33,9.55,3,3,3,3,0
24349,256.94,2.5,-0.31,1,-1.94,11.81,-0.39,0.45,9.83,3,3,3,3,0
24384,256.38,2.5,-0.31,3,0.69,9.31,-0.72,0.71,10.1,3,3,3,3,0
24418,256.13,2.5,-0.31,2.19,-0.5,7.56,-0.73,0.57,10.06,3,3,3,3,0
24452,255.94,2.5,-0.31,-2.5,0.5,5.5,-1.01,0,9.06,3,3,3,3,0
24487,255.81,2.25,-0.31,-0.88,-0.31,3.25,-0.97,0.32,9.37,3,3,3,3,0
24523,255.75,1.31,-0.5,-3.75,0.37,1.69,-1.08,0.05,8.89,3,3,3,3,0
24559,255.75,0.94,-0.56,-1,-0.44,-0.37,-1.04,0.52,10,3,3,3,3,0
24592,255.75,0.88,-0.5,-2.44,2.25,0.25,-1.16,-0.15,8.6,3,3,3,3,0
24624,255.75,0.94,-0.5,-7.38,-1.44,1.81,-1.4,-0.99,7.28,3,3,3,3,0
24659,255.69,0.88,-0.5,-9.38,4.31,2.44,-1.26,-0.39,8.47,3,3,3,3,0
24711,255.69,0.88,-0.63,12.81,2.13,-1.94,-1.02,-1.32,7.76,3,3,3,3,0
24750,255.69,0.88,-0.63,3.75,1.19,-2.56,-1.01,1.44,9.87,3,3,3,3,0
24786,255.81,0.88,-0.63,12.31,0.37,-6.13,-0.79,2.69,10.47,3,3,3,3,0
24863,256.19,0.75,-0.75,22.44,20.12,-4.06,-2.17,-2.71,4.85,3,3,3,3,0
24900,256.13,0.94,-0.56,-8.56,-9.06,-0.88,-0.03,-1.84,8.18,3,3,3,3,0
24935,256.19,0.88,-0.75,0.94,19.81,2.69,-2.25,-4.63,5.54,3,3,3,3,0
24969,256.31,0.94,-0.5,17.19,-10.75,-4.13,0.38,-0.78,11.66,3,3,3,3,0
25004,256.25,0.81,-0.63,10.44,2.06,-2.69,-0.75,0.07,7.64,3,3,3,3,0
25036,256.31,0.88,-0.81,18.62,6.38,-1.19,0,-3.47,7.55,3,3,3,3,0
25070,256.31,0.81,-0.69,-9.63,-5.44,0.25,-1.96,4.1,12.23,3,3,3,3,0
25104,256.31,0.88,-0.75,6.38,3.94,0.06,-1.25,0.45,8.47,3,3,3,3,0
25142,256.19,0.88,-0.75,5.25,-7.25,-0.63,0.18,-0.01,8.41,3,3,3,3,0
25176,256.19,0.88,-0.75,-4.25,6.38,-1.06,-1.55,-1.3,7.28,3,3,3,3,0
25212,256.25,1,-0.69,0.19,-6.88,-1.19,0.11,0.65,10.56,3,3,3,3,0
25252,256.19,0.88,-0.81,-8.19,-0.56,0.31,-1.19,-1.73,7.47,3,3,3,3,0
25286,256.13,0.88,-1,10.38,5.69,-2.38,1.52,0.04,12.94,3,3,3,3,0
25320,256.13,1,-1,31.75,-5,-1.31,-1.37,2.72,12.39,3,3,3,3,0
25355,256.13,1.06,-1.06,-14.5,0.37,0.12,1.34,-3.18,7.69,3,3,3,3,0
25391,256.06,1.12,-1.06,20.44,-3.69,-0.75,-1.78,3.2,12.06,3,3,3,3,0
25472,256,1.12,-1,40.81,3.63,-3.44,0.55,2.83,11.4,3,3,3,3,0
25511,256,1.19,-0.5,-16.87,-14.5,-2.75,-0.56,-4.72,4.37,3,3,3,3,0
25546,256.13,1,-0.75,-23,-4.56,-3,-3.52,-1.63,2.99,3,3,3,3,0
25581,256.19,1,-1.06,-5.25,12.38,-1.81,-1.7,0.75,8.97,3,3,3,3,0
25617,256.44,1.19,-1.06,7.81,-9.06,-9.38,0.56,-0.56,8.9,3,3,3,3,0
25654,256.69,1,-1.12,1.56,15.31,-7.19,-3.5,4.39,10.53,3,3,3,3,0
25691,257.13,1.31,-0.75,-24.31,-15.44,-6.5,-3.77,-3.62,5.5,3,3,3,3,0
25729,257.5,1.19,-0.94,-8.88,-4.19,-8,-2.23,2.36,9.27,3,3,3,3,0
25765,257.75,1.12,-1,-34.13,13.63,-5.25,1.19,-2.58,6.69,3,3,3,3,0
25804,258.19,1.31,-1,12.38,3.94,-10.81,-0.9,1.88,10.59,3,3,3,3,0
25839,258.5,1.19,-1.19,18.62,14.88,-8.19,0.31,-1.64,12.13,3,3,3,3,0
25874,258.81,1.37,-1,23.12,-12.75,-14.69,-1.45,3.56,10.02,3,3,3,3,0
25909,259.25,1.12,-1.12,-0.25,12.69,-10.63,-7.2,2.53,4.21,3,3,3,3,0
25948,259.63,1.25,-1.31,-15.94,21.62,-9.56,-0.11,-1.9,5.16,3,3,3,3,0
25982,260.13,1.44,-1,40.75,-19.69,-21.44,1.48,5.49,16.44,3,3,3,3,0
26018,260.5,0.94,-1.12,-29.37,-0.88,-12.81,-0.92,2.38,6.74,3,3,3,3,0
26056,261,0.94,-1.19,2.25,17.69,-12.94,0.4,-1.58,6.7,3,3,3,3,0
26134,262.19,1.06,-1.31,27.06,2.56,-18,0.68,5.25,14.93,3,3,3,3,0
26169,262.63,0.94,-1.25,-41.75,-8.5,-11.38,-0.79,-4.65,4.05,3,3,3,3,0
26208,263.25,1.12,-1.37,59.88,17,-20.87,-4.26,-3.63,6.56,3,3,3,3,0
26245,263.69,1.12,-1.37,55.31,1.06,-13.44,0.52,10.12,16.18,3,3,3,3,0
26278,264.19,1.12,-1.19,27,6.88,-19,5.75,-1.26,11.2,3,3,3,3,0
26315,264.94,0.94,-1.37,39.06,12,-21.62,-6.56,5.36,9.83,3,3,3,3,0
26350,265.38,1.12,-0.75,10.19,-8.69,-22.75,0.43,1.63,10.13,3,3,3,3,0
26384,266.13,1.12,-1.06,8.25,0,-17.31,-0.75,5.9,8.74,3,3,3,3,0
26421,266.69,1.12,-1.06,-38.81,-3.63,-20.87,13.31,-2.06,11.11,3,3,3,3,0
26456,267.38,1.31,-0.37,-36.44,-23.19,-17.44,-0.89,-1.39,9.7,3,3,3,3,0
26489,267.81,1.44,-0.88,-4.63,7.69,-10.75,-0.89,-2.36,10.72,3,3,3,3,0
26522,268.19,1.25,-0.88,19.5,11.06,-7.06,-4.71,5.06,11.58,3,3,3,3,0
26558,268.19,1.31,-1.12,53.13,5.63,-0.81,-3.66,-0.67,9.45,2,3,3,3,0
26591,267.94,1.31,-0.81,28.19,7.56,2.69,-4.81,7.62,13.42,2,3,3,3,0
26627,267.5,1.19,-1.12,43.31,12.5,16.06,1.37,-4.46,5.09,2,3,3,3,0
26661,267,1.31,-0.37,17.5,-6.13,19.87,1.68,0.83,11.88,2,3,3,3,0
26741,265.44,1.06,-1.06,-5.44,3.69,16.81,1.19,3.27,12.74,1,3,3,3,0
26774,264.75,1.19,-1.19,32.19,5.94,10.31,-5.17,1.01,10.33,1,3,3,3,0
26811,264.31,1.19,-1.12,19.31,-4.38,10.94,-0.45,-3.07,4.56,1,3,3,3,0
26862,263.94,0.81,-1.12,-42.44,-15.94,20.25,4.16,-2.69,6.1,0,3,3,3,0
26901,263.81,1.37,-1.12,9.44,6.13,-0.19,-1.81,3.38,14.01,0,3,3,3,0
26935,263.75,0.19,-0.75,-68.19,23.19,-0.12,-2.66,3,4.75,0,3,3,3,0
26972,263.94,0.25,-1.44,106.75,4.63,-15.81,-1.66,12.13,17.26,0,3,3,3,0
27006,264.13,0.12,-1.12,-9,19.12,-7.69,-2.54,4.53,8.45,0,3,3,3,0
27041,264.25,0.56,-0.56,1.69,-38.44,-6.25,-2.47,-2.51,9.51,0,3,3,3,0
27075,264.69,0.25,-0.44,-75.37,19.62,-5.69,-4.14,-5.06,4.42,0,3,3,3,0
27112,265.06,0.5,-0.75,28.5,-6.75,-11.56,7.96,-4.79,11.86,0,3,3,3,0
27152,265.31,0.37,-0.44,36.5,-7.38,-3.19,-1.87,-4.39,7.3,0,3,3,3,0
27186,265.63,0.25,-1.25,-4.19,-4.81,-10.25,7.18,-3.53,6.38,0,3,3,3,0
27223,265.75,0.19,-1.75,31.94,14.75,-8.75,0.66,1.16,13.16,0,3,3,3,0
27256,265.81,0.88,-1.44,15.06,-6.63,-4.5,-2.4,0.53,11.21,0,3,3,3,0
27290,266,0.25,-1.31,-34.81,10,-9,-0.88,-0.48,3.03,0,3,3,3,0
27325,266.31,0.31,-1.19,17.87,5.5,-14.75,0.64,0.6,10.83,0,3,3,3,0
27406,266.81,0.75,-0.88,33.56,-22.87,-11.63,3.7,0.51,11.2,1,3,3,3,0
27440,267.06,0,-1.25,-55.81,45.63,-3.38,-0.92,4.37,2.09,1,3,3,3,0
27474,267.31,0.25,-1.56,69.12,-2.5,-12.38,-1.8,2.7,16.57,1,3,3,3,0
27511,267.25,0.56,-0.88,48,-20.25,-7.94,6.03,0.45,13.9,2,3,3,3,0
27546,267.19,0.31,-1.19,9.5,-1.44,9.94,-6.1,-2.08,10.89,2,3,3,3,0
27580,266.88,0.44,-1.19,44.94,-1.12,7.13,2.36,1.57,12.71,2,3,3,3,0
27617,266.44,0.25,-1.25,10.38,-1.81,8.5,-2.78,1.73,13.11,2,3,3,3,0
27654,266.19,0.31,-1.69,110.94,16.69,9.13,-3.67,6.72,25.15,2,3,3,3,0
27688,265.88,0.06,-1.25,43.94,-4.56,4.31,-2.05,2.67,9.5,2,3,3,3,0
27725,265.75,0.06,-0.88,-73.25,-8.56,8.38,3.23,-7.47,3.66,2,3,3,3,0
27759,265.63,0.5,-0.75,27.12,-34.81,1.25,-0.67,-1.84,6.53,2,3,3,3,0
27793,265.56,0,-1.25,-48.88,42.06,7.38,-14.89,2.02,3.43,2,3,3,3,0
27830,265.81,-0.12,-1.31,-21.94,12.44,-3.94,3.36,-1.65,8.51,2,3,3,3,0
27867,265.94,0.25,-1.44,17.06,-19.37,-7,6.16,0.48,8.36,2,3,3,3,0
27901,266.44,0,-1.63,30.31,4.69,-18.25,1.21,3.38,16.6,2,3,3,3,0
27935,266.88,0,-1.06,8.38,-5.81,-17.25,3.54,0.78,10.54,2,3,3,3,0
28017,268.13,-0.06,-1.44,11.38,5.5,-25.69,-6.76,0.94,8.33,2,3,3,3,0
28052,268.69,-0.06,-1.25,-18.06,11.25,-12.19,-0.7,-3.05,8.54,2,3,3,3,0
28089,269.06,0.12,-1.37,-23.62,-9.44,-4.94,-3.59,-0.1,7.43,2,3,3,3,0
28127,269.5,0.25,-1.44,33.63,0.88,-18.81,2.97,3.48,11.73,2,3,3,3,0
28161,269.94,0.25,-1.56,7.38,9.63,-17.69,11.66,-2.86,11.28,3,3,3,3,0
28194,270.31,0,-1.31,15.25,-3.94,-17.5,-3.52,-1,10.81,3,3,3,3,0
28229,270.69,0.12,-1.75,-43.69,-12.25,-10.13,-1.24,-5.08,5.3,3,3,3,3,0
28267,271.44,0.12,-1.81,26,11.5,-27.62,4.92,4.29,16.3,3,3,3,3,0
28307,272.44,0.81,0.06,11.38,-47.19,-41.06,1.13,-2.4,6.25,3,3,3,3,0
28341,272.94,0.19,-1.88,-109.25,24.37,-8.25,-0.22,-5.62,-0.07,3,3,3,3,0
28376,274,0.06,-2.44,81.69,-2.38,-46.5,8.5,11.82,28.11,3,3,3,3,0
28409,275.31,0,-2,-56.31,36.13,-32.56,5.91,-2.74,-13.07,3,3,3,3,0
28443,276.94,1.25,-2.44,309.5,-44.19,-75,16.32,9.96,39.22,3,3,3,3,0
28479,276.81,-0.25,1.19,121.94,37.5,-17.87,3.12,7.9,2.94,3,3,3,3,0
28517,278.13,0.06,-2.13,24.75,10.19,-30.06,11.03,9.84,12.14,3,3,3,3,0
28551,279.13,0.12,-0.88,35.25,-1.44,-52.31,-4.77,3.98,15.45,3,3,3,3,0
28584,280.19,0.12,-0.88,-5.81,1.19,-26.62,5.07,-3.26,8.76,3,3,3,3,0
28662,282.25,0.69,-0.69,-58.69,13.31,-42.5,-4.62,1.7,11.06,3,3,3,3,0
28696,282.81,-0.06,-1,-47.06,-7.75,-25.5,-0.75,-7.96,2.47,3,3,3,3,0
28732,283.44,0,-1.88,-173.13,20.87,-23.12,-8.37,-0.36,0.25,3,3,3,3,0
28771,284.5,-0.63,-1.75,89.12,24.19,-20.75,-5.59,-9.45,-2.71,3,3,3,3,0
28806,285.38,0.19,-1.12,65.06,-21.06,-19.81,-3.67,7.18,24.81,3,3,3,3,0
28839,285.56,0.06,-0.31,-0.94,-11.56,-10.56,2.7,5.5,15.79,3,3,3,3,0
28873,286.06,0.69,-1.31,9.25,-26.5,-15.69,3.97,-3.05,11.49,3,3,3,3,0
28923,286.69,0,-1.19,-4.06,20.44,-14.06,0.49,-1.63,7.39,3,3,3,3,0
28961,286.88,-0.12,-1.31,3.5,3.31,-6.75,-2.78,-1.35,8.47,3,3,3,3,0
28997,287.06,0,-1.5,26.69,-7.13,-6.75,1.32,5.99,16.64,3,3,3,3,0
29033,287.13,-0.06,-1.31,-1.88,0.19,0.56,-2.61,-1.52,9.32,3,3,3,3,0
29070,287.25,-0.63,-1.88,2.94,47.38,1.94,-1.48,1.56,-2.6,3,3,3,3,0
29104,287.38,-0.19,-1.5,109.87,7.88,-17.31,1.98,7.92,28.34,3,3,3,3,0
29137,288.13,-0.75,-2.25,79.56,-0.63,-28.81,14.85,-6.04,10.69,3,3,3,3,0
29173,288.25,-0.94,-2,-69.19,-15.81,4.31,3.84,-5.82,-3.6,3,3,3,3,0
29212,288.44,-0.12,-2.44,-72,6.75,0.25,-2.37,-8.42,3.05,3,3,3,3,0
29292,289.56,-0.63,-3.38,18.44,3.19,-19.5,-1.56,3.22,13.63,3,3,3,3,0
29326,290.19,-0.37,-3.38,-15.19,3.88,-18.94,-5.4,-1.35,9.63,3,3,3,3,0
29363,290.63,-0.06,-3.13,-1.56,-29.31,-15,-2.58,-1.69,6.47,3,3,3,3,0
29396,291.38,-0.81,-3.19,-23.25,21.69,-23.81,-2.78,0.78,5.45,3,3,3,3,0
29433,291.94,-0.5,-2.88,-4.13,-20.37,-18.87,3.55,-4.35,6.91,3,3,3,3,0
29473,292.5,-0.37,-3.13,24.06,-12.63,-14.56,-2.31,1.25,13.9,3,3,3,3,0
29508,292.88,-0.25,-3.81,74.62,9,-10.75,-1.47,10.4,19.97,3,3,3,3,0
29542,293.44,0.25,-2.81,95.75,-21.37,-45.81,5.29,1.6,15.74,3,3,3,3,0
29577,294.44,-0.94,-1.81,-84.31,3.63,-14.06,3,-10.39,1.87,3,3,3,3,0
29613,295.25,-0.94,-2.94,2.31,-18.44,-16,-6.59,3,8.74,3,3,3,3,0
29646,295.69,-0.5,-3.5,-66.56,-8.88,-9.81,1.68,-3.87,2.35,3,3,3,3,0
29686,296.38,-0.5,-3.63,20.37,11.75,-19.75,-3.77,-1.48,2.39,3,3,3,3,0
29721,297.63,-0.63,-3.44,35.38,8.88,-23.94,0.24,4.57,14.85,2,3,3,3,0
29755,298.69,-0.75,-3.31,28.12,3.75,-20.62,2.82,-2.89,7.96,2,3,3,3,0
29789,299.5,-0.44,-3.13,-17.19,-14,-20.69,-0.45,-0.49,6.51,2,3,3,3,0
29826,300.19,-0.25,-3.63,38.38,12.31,-26.12,0.25,2.88,10.2,2,3,3,3,0
29860,301.25,-0.75,-2.75,0.06,-4.63,-28.69,-1.1,2.89,10.73,2,3,3,3,0
29940,303.38,-0.19,-3.19,1.44,4.38,-19.37,0.46,-0.25,8.78,2,3,3,3,0
29977,304.5,-0.63,-3.38,16.62,9.31,-26.56,-1.05,3.96,14.06,2,3,3,3,0
30012,305.63,-0.63,-3.5,24.81,3.06,-25.06,2.09,3.41,16.42,2,3,3,3,0
30046,306.31,-0.69,-3.38,45.75,-1.88,-27.69,1.02,3.24,14.47,2,3,3,3,0
30080,307.44,-0.75,-3.5,-5.69,-8.69,-22,-0.82,0.73,6.05,2,3,3,3,0
30116,308.56,-0.37,-3.44,16.06,-3.44,-28.81,-0.76,0.14,9.12,2,3,3,3,0
30151,310.19,-1.06,-2.75,-63.44,3.75,-27.75,2.57,-6.01,3.13,2,3,3,3,0
30185,310.94,-1,-2.75,-49.75,-16.94,-24.31,0.96,-4.41,8.53,2,3,3,3,0
30218,311.94,-0.75,-3.31,10.19,-6.63,-24.44,1.25,-0.72,6.09,2,3,3,3,0
30249,312.69,-0.56,-3.56,-30.94,10.44,-24.12,0.3,-2.06,4.21,2,3,3,3,0
30281,314.25,-0.81,-3.44,4.25,3.81,-31.25,-0.34,4.32,13.52,2,3,3,3,0
30313,315.38,-1,-3.5,42.31,1.81,-34,-0.86,1.89,9.7,2,3,3,3,0
30373,317.38,-0.63,-3.5,-2.75,3.19,-30.5,-2.45,1.42,10.62,2,3,3,3,0
30409,318.75,-0.94,-3.75,37.63,14.88,-37.75,-1.24,-2.42,4.07,2,3,3,3,0
30445,320.06,-0.94,-3.63,10.06,0.31,-33.13,-0.2,0.49,9.98,2,3,3,3,0
30481,321.31,-0.94,-3.69,-15.38,5.13,-32.38,-0.11,-1.11,7.78,2,3,3,3,0
30561,324.44,-1.06,-3.63,-22.31,2.69,-36.81,0.22,3.21,10.02,2,3,3,3,0
30597,326.06,-1.19,-3.81,39.81,5.94,-45.19,-0.06,2.22,11.26,2,3,3,3,0
30638,327.81,-1.12,-3.63,26.75,-16.56,-44.56,1.61,3.47,13.57,2,3,3,3,0
30673,329.69,-1.12,-3.69,43.19,1.63,-47.75,-0.31,2.48,10.21,2,3,3,3,0
30709,331.13,-1.25,-3.56,34.31,-0.56,-48.81,0.67,1.68,11.4,2,3,3,3,0
30746,333,-1.19,-3.69,4.63,-0.12,-49.44,0.12,0.22,9.04,2,3,3,3,0
30783,334.44,-1.37,-3.5,26,-2.5,-56.75,-0.76,1.59,11.17,2,3,3,3,0
30821,336.88,-1.37,-3.69,5.69,-9.69,-56.56,1.11,2.89,11.99,2,3,3,3,0
30860,339.31,-1.25,-3.69,8.06,-10.63,-61.25,0.79,5.79,16.24,3,3,3,3,0
30896,341.75,-1.44,-3.81,27,-1.75,-66.06,-0.04,0.27,9.17,3,3,3,3,0
30934,343.63,-1.44,-3.69,5.06,-3.19,-68.19,0.13,0.96,9.17,3,3,3,3,0
30971,346.5,-1.44,-3.69,-2.56,-4.38,-68.75,0.36,0.28,9.63,3,3,3,3,0
31025,349.94,-1.5,-3.69,-14.31,2,-67.75,0.36,0.58,9.38,3,3,3,3,0
31060,352.69,-1.63,-3.56,18.75,-6.06,-73.37,0.71,2.35,10.83,3,3,3,3,0
31099,355.5,-1.69,-3.56,-10.5,4.69,-72.87,-0.54,1.22,8.48,3,3,3,3,0
31135,358.63,-1.63,-3.5,0.88,-7.13,-77.19,-0.33,-0.77,7.56,3,3,3,3,0
31216,4.75,-1.75,-3.5,-1.44,-4.31,-74.81,0.42,2.31,12.24,3,3,3,3,0
31252,6.94,-1.81,-3.44,-4.06,-2.44,-73.87,-0.04,0.26,9.62,3,3,3,3,0
31290,9.81,-1.81,-3.5,13,-6.38,-73.81,0.16,1.6,11.21,3,3,3,3,0
31326,12.63,-1.88,-3.5,-1.5,-0.25,-71.56,0.15,1.3,10.47,3,3,3,3,0
31366,14.75,-1.94,-3.5,-1.94,-2.81,-71.56,-0.44,0.98,9.06,3,3,3,3,0
31401,17.56,-1.94,-3.5,0.75,-3.88,-72.31,-0.13,0.7,9.06,3,3,3,3,0
31437,20.37,-2,-3.5,3.44,-3.06,-73.19,-0.28,0.9,9.51,3,3,3,3,0
31475,22.56,-2,-3.5,2.94,-3.19,-73.44,-0.22,0.83,9.21,3,3,3,3,0
31511,25.44,-2.06,-3.56,1.75,-2.88,-74.31,-0.33,0.86,9.27,3,3,3,3,0
31547,28.31,-2.06,-3.63,2.81,-3.81,-74.31,-0.13,0.84,9.68,3,3,3,3,0
31587,30.5,-2.13,-3.56,3.56,-3.25,-72.62,-0.41,0.79,9.67,3,3,3,3,0
31625,33.31,-2.13,-3.63,3.75,-4.38,-71.56,-0.41,0.77,9.56,3,3,3,3,0
31661,36.06,-2.19,-3.63,3.06,-3.5,-71.69,-0.33,0.92,9.55,3,3,3,3,0
31697,38.13,-2.19,-3.63,2.56,-2.75,-72.37,-0.25,0.96,9.61,3,3,3,3,0
31736,40.94,-2.25,-3.69,1.81,-2.94,-72.44,-0.29,0.67,9.55,3,3,3,3,0
31775,43.69,-2.25,-3.56,-2.75,-5.13,-68.75,-1.81,0.84,7.98,3,3,3,3,0
31811,46.19,-2.25,-2.94,-57.31,-9.13,-61,0.34,-5.47,3.88,3,3,3,3,0
31897,50.81,-2.38,-3.44,3.88,1.12,-52.75,-0.26,0.09,9.26,3,3,3,3,0
31935,52.81,-2.38,-3.44,5,-2.44,-51.69,-0.27,1.25,10.43,3,3,3,3,0
31973,54.81,-2.38,-3.38,-0.63,-2.5,-50.06,-0.29,0.29,9.57,3,3,3,3,0
32010,56.25,-2.38,-3.38,0.19,-2.88,-47.63,-0.22,-0.17,9.47,3,3,3,3,0
32048,58.13,-2.44,-3.38,2.25,-1.25,-45.69,-0.21,0.06,9.66,3,3,3,3,0
32087,59.81,-2.44,-3.19,1.75,-1.5,-43.13,-0.32,0.15,9.51,3,3,3,3,0
32125,61.56,-2.44,-3,0.44,-1.56,-39.94,-0.37,-0.04,9.47,3,3,3,3,0
32161,63,-2.44,-2.81,-0.75,-1.88,-34.38,-0.39,-0.57,9.32,3,3,3,3,0
32198,63.88,-2.38,-2.81,-0.63,-2.19,-29.62,-0.33,-0.57,9.25,3,3,3,3,0
32236,65,-2.44,-2.88,3.63,-0.56,-25.87,-0.29,0.35,9.82,3,3,3,3,0
32271,65.94,-2.5,-2.88,0.69,-0.06,-23.81,-0.39,0.35,9.62,3,3,3,3,0
32307,66.56,-2.44,-2.75,0.5,-2.56,-22.12,-0.43,0.01,9.62,3,3,3,3,0
32348,67.31,-2.38,-2.75,-0.06,-2.06,-17.75,-0.32,-0.34,9.46,3,3,3,3,0
32384,67.94,-2.44,-2.56,0.75,0.37,-13,-0.46,-0.12,9.43,3,3,3,3,0
32420,68.31,-2.44,-2.56,2.56,-0.94,-12.13,-0.14,1.33,10.48,3,3,3,3,0
32456,68.75,-2.44,-2.56,1.12,1.56,-12.88,-0.36,0.99,9.67,3,3,3,3,0
32541,69.81,-2.38,-2.5,0.25,-2.38,-10.75,-0.27,0.25,9.55,3,3,3,3,0
32580,70.25,-2.44,-2.5,1.31,2.81,-10.5,-0.39,0.61,9.62,3,3,3,3,0
32620,70.69,-2.5,-2.5,-1.06,0.06,-10.56,-0.56,0.27,9.45,3,3,3,3,0
32658,71.06,-2.44,-2.44,-0.44,-3.56,-9.44,-0.34,-0.16,9.45,3,3,3,3,0
32695,71.44,-2.38,-2.5,2.31,1.12,-8.81,-0.23,0.26,9.73,3,3,3,3,0
32733,71.69,-2.5,-2.5,-0.19,1.31,-8.25,-0.46,0.34,9.27,3,3,3,3,0
32771,72,-2.5,-2.44,-2,-2.19,-7.69,-0.57,0.03,9.14,3,3,3,3,0
32807,72.31,-2.44,-2.44,-1.06,-1.06,-6.75,-0.38,0.01,9.27,3,3,3,3,0
32849,72.69,-2.44,-2.44,0.31,2.13,-6.38,-0.38,0.4,9.71,3,3,3,3,0
32887,73,-2.5,-2.38,0.81,-1,-5.88,-0.55,0.26,9.53,3,3,3,3,0
32924,73.12,-2.5,-2.38,0.56,-1.56,-5.19,-0.4,0.19,9.49,3,3,3,3,0
32961,73.37,-2.44,-2.31,0.56,1.06,-4.56,-0.34,0.28,9.6,3,3,3,3,0
33001,73.5,-2.5,-2.31,-0.25,0.06,-3.81,-0.45,0.34,9.59,3,3,3,3,0
33040,73.81,-2.5,-2.31,-0.37,-0.88,-3.19,-0.48,0.12,9.3,3,3,3,3,0
33081,73.94,-2.5,-2.31,0.37,0.63,-2.69,-0.42,0.28,9.54,3,3,3,3,0
33118,74.12,-2.5,-2.25,-0.5,0.25,-2.13,-0.4,0.33,9.69,3,3,3,3,0
33156,74.12,-2.5,-2.25,-0.12,-0.69,-1.37,-0.48,0.18,9.4,3,3,3,3,0
33254,74.31,-2.5,-2.25,-0.12,0,-0.19,-0.39,0.27,9.55,3,3,3,3,0
33294,74.37,-2.5,-2.25,0.5,-0.37,0,-0.42,0.37,9.6,3,3,3,3,0
33333,74.37,-2.5,-2.19,-2.44,0.25,0.25,-0.71,0.07,9.11,3,3,3,3,0
33369,74.37,-2.56,-2.25,7.5,-1.25,-0.63,-1.46,-0.6,9.15,3,3,3,3,0
33408,74.44,-2.56,-2.25,-7.19,0.94,0.81,-0.48,-0.52,7.64,3,3,3,3,0
33445,74.5,-2.56,-2.25,-1,2.13,0.12,-0.68,-0.64,7.55,3,3,3,3,0
33485,74.69,-2.56,-2.25,-5.69,2.69,0.69,-0.76,-0.02,8.38,3,3,3,3,0
33521,74.69,-2.56,-2.19,-1.37,-0.25,0.12,-0.46,0.31,9.45,3,3,3,3,0
33558,74.69,-2.56,-2.25,5.25,-0.81,-0.69,-0.33,0.77,10.52,3,3,3,3,0
33596,74.75,-2.56,-2.25,1.94,-0.06,-0.25,-0.37,0.48,10.01,3,3,3,3,0
33637,74.69,-2.56,-2.25,1.75,-0.63,-0.19,-0.47,0.26,9.46,3,3,3,3,0
33676,74.81,-2.56,-2.25,-0.5,-0.44,0,-0.45,0.29,9.54,3,3,3,3,0
33713,74.81,-2.56,-2.19,-0.63,0.56,0.06,-0.47,0.28,9.42,3,3,3,3,0
33748,74.87,-2.56,-2.19,-0.31,-0.12,0,-0.5,0.32,9.48,3,3,3,3,0
33787,74.94,-2.56,-2.19,-0.31,-0.5,0.06,-0.47,0.3,9.44,3,3,3,3,0
33826,74.94,-2.56,-2.19,-0.25,0.5,-0.06,-0.43,0.34,9.51,3,3,3,3,0
33911,74.94,-2.56,-2.19,0,-0.19,0,-0.41,0.28,9.54,3,3,3,3,0
33949,74.94,-2.56,-2.19,0.25,0.31,0,-0.46,0.37,9.54,3,3,3,3,0
33988,75,-2.56,-2.19,0,0.06,0.06,-0.47,0.26,9.34,3,3,3,3,0
34028,75,-2.56,-2.19,-0.5,0.06,0.06,-0.47,0.29,9.47,3,3,3,3,0
34065,75,-2.56,-2.19,-0.06,0.31,0.12,-0.45,0.3,9.53,3,3,3,3,0
34103,75,-2.63,-2.19,-0.12,0.12,-0.12,-0.42,0.34,9.54,3,3,3,3,0
34141,75,-2.63,-2.19,-0.56,-0.25,-0.06,-0.49,0.23,9.39,3,3,3,3,0
34181,75.06,-2.63,-2.19,-0.25,0.19,0.06,-0.45,0.31,9.53,3,3,3,3,0
34215,75.06,-2.63,-2.19,-0.44,0.06,0,-0.45,0.29,9.43,3,3,3,3,0
34251,75.12,-2.63,-2.19,0.19,-0.25,-0.06,-0.44,0.34,9.61,3,3,3,3,0
34289,75.12,-2.63,-2.19,0.19,0.12,-0.12,-0.43,0.37,9.58,3,3,3,3,0
34325,75.12,-2.63,-2.19,0,0.31,0,-0.46,0.32,9.48,3,3,3,3,0
34361,75.12,-2.63,-2.19,-0.25,-0.12,0.06,-0.45,0.34,9.55,3,3,3,3,0
34401,75.12,-2.63,-2.19,-0.37,-0.12,0.06,-0.45,0.36,9.61,3,3,3,3,0
34440,75.25,-2.63,-2.19,0.19,0.12,0.06,-0.47,0.33,9.53,3,3,3,3,0
34478,75.31,-2.63,-2.19,-0.19,0.12,0.12,-0.44,0.33,9.52,3,3,3,3,0
34513,75.31,-2.63,-2.19,0.12,0,-0.12,-0.48,0.3,9.53,3,3,3,3,0
34593,75.31,-2.63,-2.19,-0.44,0,0.06,-0.44,0.31,9.41,3,3,3,3,0
34631,75.31,-2.63,-2.13,-0.69,-0.06,0,-0.45,0.4,9.61,3,3,3,3,0
34672,75.31,-2.63,-2.13,-0.06,0.25,0,-0.46,0.41,9.69,3,3,3,3,0
34711,75.31,-2.63,-2.13,0.25,0.06,-0.06,-0.44,0.37,9.6,3,3,3,3,0
34750,75.31,-2.63,-2.13,0.19,0,-0.19,-0.45,0.36,9.59,3,3,3,3,0
34786,75.31,-2.63,-2.13,-0.81,0.06,0,-0.44,0.24,9.37,3,3,3,3,0
34824,75.31,-2.63,-2.13,-0.25,0.12,0,-0.54,0.24,9.43,3,3,3,3,0
34863,75.31,-2.56,-2.13,0,-1.75,0.88,-0.99,0.45,9.17,3,3,3,3,0
34904,75.31,-2.56,-2.13,-0.88,2.06,0.37,-0.27,0.55,10.08,3,3,3,3,0
34942,75.31,-2.69,-2.19,12.13,-0.37,-1.63,-0.54,1.92,11.45,3,3,3,3,0
34978,75.25,-2.63,-2.06,-8.63,3.13,1.94,-0.97,1.36,11.55,3,3,3,3,0
35016,75.25,-2.56,-2.13,-12.19,0.75,2.31,-1.18,-0.07,8.03,3,3,3,3,0
35054,75.31,-2.63,-2.13,-7.25,3.88,-1.69,-1.61,0.78,8.35,3,3,3,3,0
35093,75.56,-2.63,-2.19,3.38,-3.63,-8.13,-1.76,0.64,8.58,3,3,3,3,0
35129,75.94,-2.5,-2.19,5.75,-6.31,-11.81,-1.99,1.54,9.8,3,3,3,3,0
35169,76.44,-2.5,-2.13,0.56,1.12,-14.94,-2.19,1.34,9.67,3,3,3,3,0
35253,77.69,-2.75,-2.06,-1.12,-0.69,-14.56,-1.76,0.1,9.85,3,3,3,3,0
35291,78.12,-2.75,-2.19,15.94,2.5,-11.81,-1.28,1.6,12.92,3,3,3,3,0
35326,78.37,-2.81,-2.06,6.06,-1.69,-5.56,-1.13,0.16,11.16,3,3,3,3,0
35365,78.44,-2.94,-2.13,-6,2.31,0.5,-3.15,-1.63,7.15,3,3,3,3,0
35405,78.5,-3,-2.25,20.56,1.94,-2.94,-1.01,3.16,11.34,3,3,3,3,0
35463,78.37,-3.06,-2.06,-24.25,-2.5,5.88,-2.49,-2.64,6.82,3,3,3,3,0
35500,78.25,-2.94,-2.06,16.56,5.25,1.56,-1.54,2.32,12.06,3,3,3,3,0
35535,78.06,-2.88,-1.88,2.13,-2.69,7.5,-2.57,-2.32,8.37,3,3,3,3,0
35572,77.62,-3,-1.81,-13.19,-11.75,11.19,-1,-1.78,6.22,3,3,3,3,0
35609,77.31,-3,-1.75,0.5,4.13,9.75,-2.83,0.86,8.47,3,3,3,3,0
35647,76.94,-3.06,-2.19,11.44,6.25,10.56,0.13,-1.45,4.93,3,3,3,3,0
35687,76.5,-3.06,-1.94,-31.25,-7.75,10.31,-1.89,-2.95,8,3,3,3,3,0
35723,76.12,-3.19,-2.19,3.63,4.25,8,-0.26,0.89,10.82,3,3,3,3,0
35760,75.87,-3.06,-1.94,-17.62,-12.44,6.25,-1.04,-3.39,6.56,3,3,3,3,0
35799,75.56,-3,-1.94,28.62,-0.5,2.25,-2.32,0.54,13.14,3,3,3,3,0
35834,75.31,-3.06,-2.38,21,-1.5,2.25,-2.45,3.68,11.12,3,3,3,3,0
35870,75.31,-3.25,-2.31,-4.88,7.75,-2.13,-0.13,-1.96,4.65,3,3,3,3,0
35955,75.44,-2.81,-2.13,-10.88,-3.81,-1.81,0.76,-0.48,9.25,3,3,3,3,0
35991,75.56,-2.94,-2.31,9.63,2.13,-11.31,3.11,3.58,11.45,3,3,3,3,0
36028,75.94,-3.13,-2.31,-2,8.13,-13.56,-1.77,0.33,7.51,3,3,3,3,0
36067,76.5,-2.94,-2.19,-0.12,-5.5,-15.19,0.8,-2.29,7.3,3,3,3,3,0
36103,77,-2.88,-2.06,-0.06,-1.56,-13.06,-2.89,0.43,5.1,3,3,3,3,0
36140,77.37,-2.63,-2.25,18,7.06,-9.75,-2.16,-2.18,7.64,3,3,3,3,0
36178,77.81,-2.88,-2.38,38.38,6.25,-12.38,0.67,5.49,11.65,3,3,3,3,0
36215,78.19,-3,-2.31,-17.06,0.63,-9.06,-1.79,0.38,6.13,3,3,3,3,0
36251,78.62,-2.88,-2.44,-15.38,12.13,-9.56,0,-0.98,6.95,3,3,3,3,0
36287,78.81,-2.88,-1.81,-26.37,-19.62,-7,-2.86,-0.25,9.1,3,3,3,3,0
36323,78.87,-2.69,-1.81,49.19,6.5,-3.38,-1.22,5.72,17.15,3,3,3,3,0
36361,78.81,-2.94,-2.25,24.69,1.69,1.12,0.83,5.09,18.96,3,3,3,3,0
36401,78.31,-2.63,-1.31,27.56,-10,10.88,-2.22,-1.01,8.29,3,3,3,3,0
36438,77.69,-2.94,-2.19,11.44,9.88,19,-1.52,1.29,8.71,3,3,3,3,0
36473,77.12,-3.31,-2.31,-41.19,1.5,13,-1.54,3.41,12.17,3,3,3,3,0
36512,76.44,-3.19,-1.56,-40.81,-12.13,17.37,2.17,-2.42,9.27,3,3,3,3,0
36593,74.75,-3.06,-2.13,-21.25,2.75,1.88,-2.03,-3.46,7.16,3,3,3,3,0
36629,74.75,-2.94,-1.69,43.63,10.19,-5.25,0.98,-1.49,9.76,3,3,3,3,0
36665,74.44,-2.81,-1.37,-55.06,-8.5,1.56,-4.55,-3.27,5.06,3,3,3,3,0
36705,74.62,-2.63,-1.63,-10.81,-16.87,-8.25,-1.78,-0.06,5.66,3,3,3,3,0
36741,74.81,-2.69,-1.56,22.87,15.94,-22.25,-4.22,1.67,7,3,3,3,3,0
36776,75.44,-2.69,-1.69,-6.44,2.5,-16.75,-3.47,-7.98,9.51,3,3,3,3,0
36814,75.31,-2.81,-0.37,-25.31,-18.25,-19.19,2.42,3.31,12.69,3,3,3,3,0
36853,75.5,-2.88,-1.69,-60.81,1.37,-4.69,-2.95,6.37,11.92,3,3,3,3,0
36889,75.62,-2.88,-1.94,51.75,17.81,-10.44,-0.08,1.39,13.97,3,3,3,3,0
36928,75.81,-2.44,-1.81,17.44,5.88,-5.56,0.21,1.21,12.52,3,3,3,3,0
36965,75.94,-2.69,-2.13,-12.56,8,-7.13,-2.13,-0.52,11.04,3,3,3,3,0
37004,76.37,-2.81,-2,44.13,3.19,-14.63,-0.23,5.05,11.42,2,3,3,3,0
37040,76.81,-2.5,-1.81,17.94,-8.81,-13,-0.85,1.84,12.61,2,3,3,3,0
37076,77.19,-2.5,-2,-27.44,12.69,-9.38,0.22,3.17,6.11,2,3,3,3,0
37114,77.81,-2.44,-1.94,54.63,6,-23.56,-2.44,2.03,15.54,2,3,3,3,0
37155,78.37,-2.75,-1.69,-27,1,-23.44,-2.76,0.87,10.21,2,3,3,3,0
37192,79.06,-2.44,-1.69,-11.25,-20.44,-20.81,-0.21,-2.12,6.99,2,3,3,3,0
37275,80.87,-2.63,-1.5,12.56,-15.75,-25.94,2.95,-3.03,9.31,2,3,3,3,0
37314,81.44,-2.56,-1.37,-65.12,-2.19,-2.44,-5.77,-0.85,5.59,2,3,3,3,0
37350,81.87,-2.75,-2.13,40,43.94,-5.38,-0.03,4.45,8.49,2,3,3,3,0
37387,81.87,-2.5,-0.94,66.94,-9.88,-0.44,-2.45,6.67,11.64,3,3,3,3,0
37428,81.81,-3,-1.44,-82.94,40.06,7.63,0.19,-1.91,1.89,3,3,3,3,0
37467,82.12,-2.94,-1.94,81.69,26.81,1.69,-2.91,7.84,15.51,3,3,3,3,0
37506,81.94,-2.75,-1.56,15.88,-3,8.19,0.95,0.52,7.85,3,3,3,3,0
37541,81.69,-2.81,-1.44,-15.69,-2.44,1.63,-0.41,0.11,8.48,3,3,3,3,0
37579,81.75,-2.88,-1.56,30.62,25.81,-2.75,-1.68,5.12,12.25,3,3,3,3,0
37617,81.81,-2.81,-1.19,-13.31,-34.56,-2.25,6.25,0.06,12.64,3,3,3,3,0
37679,81.87,-3.44,0.19,-74,-12.44,4.75,1.17,-1.94,3.87,3,3,3,3,0
37718,82,-3.5,-1.63,-43.75,24.12,4.63,-6.37,0.49,1.05,3,3,3,3,0
37756,82.06,-3.13,-1.25,-36.38,-4,5.56,0.95,-5.2,2.08,3,3,3,3,0
37792,81.75,-2.44,-0.88,-86.87,-44.06,11.06,-2.37,-7.52,-1.35,3,3,3,3,0
37830,82.25,-2.81,-1.94,-6.31,36.44,-27.69,-7.16,-4.82,-3.72,3,3,3,3,0
37869,82.75,-3.06,-0.88,36.94,0.37,-18.81,8.35,1.05,12.43,3,3,3,3,0
37954,82.87,-3.06,-1.56,33,11.88,-1.06,-1.29,0.39,5.2,3,3,3,3,0
37990,82.75,-2.69,-1.06,36.13,-3.69,6.06,-6.41,5.73,7.53,3,3,3,3,0
38030,82.75,-2.88,-2,58.94,15.13,-2.38,-3.32,-1.91,1.8,3,3,3,3,0
38069,83.12,-3.06,-1.69,17,25.19,-8.94,-0.32,0.46,10.97,3,3,3,3,0
38107,83.31,-2.88,-1.31,91.31,-10.75,-9.88,0.34,4.15,17.34,3,3,3,3,0
38142,83.31,-2.88,-1.5,-5.63,-11.81,-1.44,-1.17,0.29,6.64,3,3,3,3,0
38181,83.5,-2.69,-1.69,24,11.63,-8.56,6.48,3.45,10.96,3,3,3,3,0
38214,83.69,-2.88,-1.19,-0.81,-16.62,-2.88,6.67,2.2,13.28,2,3,3,3,0
38247,83.94,-3.38,-1.69,-10.25,15.75,-8.75,1.81,0.34,8.23,2,3,3,3,0
38282,83.87,-2.81,0.69,-215.88,-60.69,12.25,7.66,-5.9,18.12,2,3,3,3,0
38315,84.44,-3.13,-1.44,-40.75,27.06,5.31,-3.93,-3.98,-1.08,2,3,3,3,0
38347,84.87,-2.5,-1.37,36.69,-15.5,-25,-3.05,17,27.73,2,3,3,3,0
38386,85.31,-2.56,-0.94,30.87,-25.31,-20.06,5.54,-1.38,13.51,2,3,3,3,0
38423,85.75,-2.75,-1.37,42.31,10.31,-15.13,-9.16,8.19,15.33,2,3,3,3,0
38462,86.06,-2.19,-1,-32,-41.25,-6.81,4.12,3.32,13.3,2,3,3,3,0
38497,86.75,-3.06,-0.31,-4.06,-8.5,-31.69,0.43,-2.09,4.64,2,3,3,3,0
38582,87.44,-2.69,-1.12,-13.88,43.38,-2,5.14,4.9,23.08,1,3,3,3,0
38619,87.37,-2.56,-0.75,-2,-17.69,1.31,0.57,-5.52,9.77,1,3,3,3,0
38658,87.56,-2.69,-0.5,43.13,-9.44,-13.31,7.41,0.75,13.65,1,3,3,3,0
38694,87.56,-2.56,-0.69,54,2.81,-6.13,0.54,1.99,18.26,1,3,3,3,0
38733,87.44,-2.5,-0.5,0.12,-24,0.63,2.79,-3.38,7.92,1,3,3,3,0
38771,87.31,-2.63,-0.69,72.94,14.06,-0.63,2.14,6.2,12.56,1,3,3,3,0
38808,87.06,-2.69,-0.56,-5.13,0.31,1.56,5.6,-4.37,11.72,1,3,3,3,0
38844,86.75,-2.69,-0.19,-17.12,-18.06,9.5,-4.61,-0.61,6.36,1,3,3,3,0
38885,86.37,-2.69,-1.37,109.37,42,10.25,-3.73,-0.14,6.36,1,3,3,3,0
38924,86,-3.06,-1.19,91.62,14.63,2.06,-0.19,3.72,18.29,1,3,3,3,0
38963,85.75,-3.19,-0.75,-18.69,-8.5,3.75,-1.97,4.4,9.84,1,3,3,3,0
38999,85.87,-3,-0.69,-71.94,22,1.44,-6.81,3.36,10.28,1,3,3,3,0
39036,86.12,-2.75,-0.88,3.56,-21.31,-11.44,-0.84,11.82,19.71,1,3,3,3,0
39075,86.69,-2.81,-1.12,68.75,15.63,-17.44,-4,3.53,14.05,1,3,3,3,0
39116,87.06,-2.75,-0.75,21.12,-11.69,-26.69,-1.02,-2.37,6.92,1,3,3,3,0
39152,87.19,-2.69,-0.44,-28.12,-5.5,-17.12,-1.29,-2.45,7.57,1,3,3,3,0
39188,88,-2.69,-0.75,-9.63,14.69,-19.94,-5.09,-0.03,7.41,1,3,3,3,0
39268,88.25,-2.56,-0.06,84.37,0.75,-17.75,1.38,5.91,16.5,1,3,3,3,0
39304,88.69,-2.38,-0.69,45.88,2.56,-12.63,-0.86,3.5,11.48,0,3,3,3,0
39340,89,-2.44,-0.19,9.88,-13,-13.69,1.48,-2.35,10.47,0,3,3,3,0
39379,89.19,-2.56,-0.56,0.31,-5.75,-2.69,-0.37,0.24,8.11,0,3,3,3,0
39417,89.19,-2,-0.12,-25.69,-25.75,1.25,1.34,-0.25,14.89,0,3,3,3,0
39453,89.06,-2.44,-0.69,7.44,2.94,5.75,-2.91,-0.52,5.93,0,3,3,3,0
39490,89,-2.5,-0.75,-16.25,2.13,-7.81,0.55,-3.64,6.59,0,3,3,3,0
39528,89.12,-2.5,-0.5,10.19,-3.81,-9.38,-6.04,-5.11,6.98,0,3,3,3,0
39568,89.12,-2.44,-0.56,-2.19,-8.5,0.06,-3.28,-1.2,9.61,0,3,3,3,0
39604,89,-2.63,-0.63,-25.56,10.06,9.56,-6.25,-0.63,3.39,0,3,3,3,0
39643,88.87,-2.56,-0.69,-20.12,21.19,7.31,-1.69,-7.49,6.62,0,3,3,3,0
39680,87.75,-2.75,-0.63,17,-10.88,-3.25,-3.69,2.74,12.13,0,3,3,3,0
39718,86.62,-2.69,-0.19,-6.19,-16.94,9.06,1.01,-4.68,3.47,0,3,3,3,0
39754,85.75,-3,-0.75,-10.19,49.44,4.5,-7.53,3.02,3.46,0,3,3,3,0
39791,85.62,-3.06,-0.37,22.94,-2.56,1.19,2.31,7.39,17.48,0,3,3,3,0
39843,84.75,-2.88,-0.56,-10.44,-1.94,5.69,1.01,-2.55,11.28,0,3,3,3,0
39930,83.19,-2.81,-0.56,-32.5,-7.56,12.38,-2.09,1.44,6.34,0,3,3,3,0
39969,82.81,-3.25,-0.94,-20.31,34.25,10.19,-5.06,-1.09,3.43,0,3,3,3,0
40005,82.62,-3.25,-0.5,-49,-7.75,7.88,3.1,-4.52,4.58,1,3,3,3,0
40042,82.56,-2.75,-0.63,23.31,-4.94,-5.81,-2.12,3.14,11.26,1,3,3,3,0
40081,82.81,-2.88,-0.88,-9.5,9.88,-7.44,-1.92,-0.5,5.34,1,3,3,3,0
40120,83.31,-2.94,-1,40.94,14.44,-17.19,1.05,3.62,14.13,2,3,3,3,0
40158,83.75,-2.75,-0.63,12.19,-13.25,-9.63,2.33,-2.84,9.62,2,3,3,3,0
40194,84,-2.63,-0.56,11.25,-2.5,-9.88,-1.74,-0.62,8.22,2,3,3,3,0
40231,84.37,-2.56,-0.81,24,9.63,-8.31,2.09,4.17,13.31,2,3,3,3,0
40268,84.69,-2.56,-0.88,29.06,4.69,-9.44,1.16,4.56,15.04,2,3,3,3,0
40304,84.87,-2.81,-0.44,7.81,-3.38,-5.06,-2.09,1.53,11.12,2,3,3,3,0
40342,85.12,-2.63,-0.37,-43.38,-15.06,-3.31,-0.97,2.49,8.33,2,3,3,3,0
40383,85.44,-2.88,-0.56,-3.06,-0.25,-8.25,-2.24,3.83,15.1,3,3,3,3,0
40423,85.62,-2.56,-0.63,15.81,-11.38,-4.38,2.04,-4.81,12.92,3,3,3,3,0
40460,85.5,-2.75,-0.5,14.75,-14.44,1.44,2.2,-1.72,10.75,3,3,3,3,0
40497,85.25,-2.81,-0.75,-1.63,21.81,6.31,-3.91,3.64,10.56,3,3,3,3,0
40535,84.94,-2.81,-0.81,-43.88,3.31,16.69,-4.32,-0.73,7.64,3,3,3,3,0
40615,84.06,-2.75,-0.69,-19.37,0.81,12.69,-1.69,0,6.64,3,3,3,3,0
40654,83.69,-2.94,-0.69,-2.19,4.81,7,-0.33,3.01,9.6,3,3,3,3,0
40694,83.44,-2.75,-0.56,-9.13,-5.94,9.44,-0.02,4.25,11.8,3,3,3,3,0
40733,83.31,-2.69,-0.63,29.44,-4.5,0.88,0.22,1.59,13.73,3,3,3,3,0
40772,83.25,-2.75,-0.56,-18.19,-2.31,4.25,2.62,-1.57,7.31,3,3,3,3,0
40808,83.19,-2.94,-0.31,-25.5,-3.56,0.44,1.06,-1.47,5.68,3,3,3,3,0
40846,83.25,-2.81,-0.44,-5.63,-4.69,0.19,-1.19,0.45,7.54,3,3,3,3,0
40887,83.25,-2.75,-0.56,-9,-0.69,-0.63,-0.21,-1.53,6.73,3,3,3,3,0
40926,83.25,-2.88,0.19,-66.12,-16.56,-1.25,1.06,-6.16,3.42,3,3,3,3,0
40962,83.37,-2.81,-0.63,21.75,0,-2.81,-0.66,2.83,11.76,3,3,3,3,0
40998,83.31,-2.75,-0.44,-5.38,-3.31,1.63,-1.41,0.97,7.15,3,3,3,3,0
41036,83.31,-2.81,-0.44,-21.62,11.88,4.69,-0.32,1.1,6.86,3,3,3,3,0
41076,83.25,-2.88,-0.56,-5.63,5,3.56,0.7,-1.15,8.89,3,3,3,3,0
41112,83.06,-2.81,-0.37,-22,-6.88,5.38,0.94,-1.8,6.34,3,3,3,3,0
41151,82.94,-2.88,-0.44,1.25,-6.69,3.75,-0.38,-1.07,6.29,3,3,3,3,0
41188,82.81,-2.75,-0.44,32.81,18.75,-0.44,-0.58,5.51,14.4,3,3,3,3,0
41272,83.25,-2.88,-0.69,16.19,-1.81,0.31,-0.26,4.3,12.67,3,3,3,3,0
41310,83.25,-2.94,-0.88,-53.69,-1.19,6.19,-0.98,-3.36,3.67,3,3,3,3,0
41349,83.44,-2.88,-0.63,-7.94,-0.5,2.06,-0.54,1.91,8.72,3,3,3,3,0
41388,83.44,-2.88,-0.63,-7.56,4.75,1.19,-1.15,0.48,8.12,3,3,3,3,0
41430,83.56,-2.94,-0.5,11.31,-2.5,-2.81,0.23,2.01,12.6,3,3,3,3,0
41466,83.69,-2.75,-0.5,16.5,-5.25,-5.31,1.94,-0.37,11.46,3,3,3,3,0
41503,83.81,-2.81,-0.63,23.5,-0.44,-3.69,0.18,-0.7,8.27,3,3,3,3,0
41541,84,-2.81,-0.5,-3.88,-1.31,-1.06,0.27,0.92,9.41,3,3,3,3,0
41580,84.12,-2.88,-0.63,4.56,4.5,-2.5,-0.12,-0.58,7.37,3,3,3,3,0
41617,84.19,-2.81,-0.44,-12.25,0.81,-0.37,-0.51,-0.26,7.06,3,3,3,3,0
41657,84.31,-2.88,-0.44,-9.19,6.5,-0.88,-0.47,-0.41,7.61,3,3,3,3,0
41696,84.5,-2.81,-0.5,4.94,0.5,-1.88,-0.28,0.77,9.86,3,3,3,3,0
41734,84.69,-2.81,-0.5,8.94,-0.75,-2.13,1.17,1.91,12.59,3,3,3,3,0
41771,84.81,-2.81,-0.56,22.75,-0.69,-4.13,-0.03,-0.54,7.96,3,3,3,3,0
41807,84.87,-2.75,-0.5,-0.5,-4.38,-0.37,0.46,0.29,9.82,3,3,3,3,0
41846,84.81,-2.81,-0.44,-4.63,0.5,1.25,-0.02,0.11,9.2,3,3,3,3,0
41889,85.06,-2.81,-0.44,-0.88,1.63,2.13,0.18,0.32,9.26,3,3,3,3,0
41968,85.06,-2.81,-0.44,-2.56,-1.44,2.63,0.32,0.46,9.83,3,3,3,3,0
42004,85,-2.88,-0.44,2.13,0.06,1,0.35,0.85,10.15,3,3,3,3,0
42042,85,-2.88,-0.44,0.56,-1.5,1.44,0.24,0.28,9.28,3,3,3,3,0
42101,84.94,-2.75,-0.56,2.13,0.31,0.88,0.27,0.85,9.95,3,3,3,3,0
42140,85,-2.75,-0.5,-0.25,0.19,0.75,0.18,0.45,9.23,3,3,3,3,0
42178,85.12,-2.5,-0.69,-0.69,-0.31,0.81,0.26,0.57,9.73,3,3,3,3,0
42218,85.19,-2.44,-0.75,-1,1.06,0.5,0.15,0.45,9.55,3,3,3,3,0
42254,85.19,-2.19,-0.88,-0.56,-0.5,0.25,0.22,0.43,9.39,3,3,3,3,0
42292,85.25,-1.94,-1,0.63,1.81,-0.19,-0.18,0.39,9.95,3,3,3,3,0
42329,85.25,-2,-0.94,-6.06,1.25,0.44,-0.56,0.55,9.73,3,3,3,3,0
42363,85.25,-2,-0.94,-4.44,-0.37,0.25,-0.97,-0.54,8.1,3,3,3,3,0
42402,85.25,-2,-0.94,-3.13,1.37,0.31,-0.79,-0.1,8.71,3,3,3,3,0
42443,85.37,-2,-0.94,-2,0.63,0.37,-0.75,0.02,8.72,3,3,3,3,0
42481,85.37,-2,-0.94,2.69,-1.06,-0.31,-0.36,0.22,9.33,3,3,3,3,0
42517,85.37,-2.06,-0.94,1.44,-0.19,-0.37,-0.36,0.77,10.35,3,3,3,3,0
42555,85.37,-2.06,-0.94,1.12,0,-0.12,-0.61,0.24,9.2,3,3,3,3,0
42637,85.44,-2.06,-0.94,0.69,-0.63,-0.06,-0.4,0.32,9.6,3,3,3,3,0
42675,85.56,-2.06,-1,0.56,0.06,-0.12,-0.43,0.43,9.75,3,3,3,3,0
42715,85.56,-2.06,-1,0.94,0.19,-0.12,-0.45,0.41,9.73,3,3,3,3,0
42752,85.56,-2.13,-1.06,-0.88,-0.25,0.06,-0.45,0.25,9.49,3,3,3,3,0
42788,85.62,-2.13,-1.06,-0.37,-0.06,0,-0.45,0.29,9.43,3,3,3,3,0
42826,85.62,-2.13,-1.06,-0.25,0.5,-0.06,-0.48,0.34,9.52,3,3,3,3,0
42862,85.62,-2.19,-1.12,0.19,0.12,-0.06,-0.5,0.34,9.53,3,3,3,3,0
42898,85.62,-2.19,-1.12,0.19,0.12,-0.06,-0.48,0.37,9.59,3,3,3,3,0
42938,85.62,-2.19,-1.12,-0.06,0.19,0.06,-0.47,0.36,9.51,3,3,3,3,0
42976,85.62,-2.19,-1.19,-0.37,-0.06,0.06,-0.49,0.25,9.44,3,3,3,3,0
43013,85.62,-2.25,-1.19,-0.63,0,0.12,-0.52,0.25,9.4,3,3,3,3,0
43048,85.62,-2.25,-1.19,0,0.25,-0.12,-0.46,0.37,9.65,3,3,3,3,0
43086,85.56,-2.25,-1.19,0.69,0.06,-0.12,-0.53,0.28,9.43,3,3,3,3,0
43125,85.56,-2.25,-1.19,0,-0.12,-0.06,-0.48,0.27,9.48,3,3,3,3,0
43161,85.56,-2.25,-1.19,-1.12,0.31,0.12,-0.55,0.18,9.2,3,3,3,3,0
43200,85.56,-2.31,-1.25,0.25,0.25,-0.06,-0.44,0.42,9.63,3,3,3,3,0
43238,85.56,-2.31,-1.25,-0.12,-0.06,0.06,-0.43,0.35,9.61,3,3,3,3,0
43319,85.56,-2.31,-1.25,0.69,0.19,-0.06,-0.49,0.3,9.48,3,3,3,3,0
43358,85.56,-2.31,-1.25,-0.25,0.19,-0.06,-0.48,0.31,9.5,3,3,3,3,0
43397,85.56,-2.31,-1.31,0.44,0.06,-0.12,-0.46,0.44,9.63,3,3,3,3,0
43433,85.56,-2.38,-1.31,0.44,0.31,-0.06,-0.48,0.47,9.68,3,3,3,3,0
43472,85.56,-2.38,-1.31,-1.19,0.31,0.19,-0.49,0.3,9.42,3,3,3,3,0
43510,85.56,-2.38,-1.31,-0.5,0.06,0,-0.51,0.34,9.59,3,3,3,3,0
43549,85.56,-2.38,-1.31,0,0.25,0,-0.46,0.36,9.51,3,3,3,3,0
43587,85.56,-2.38,-1.31,-0.81,-0.19,0.12,-0.48,0.43,9.62,3,3,3,3,0
43624,85.56,-2.38,-1.31,0.56,-0.06,0,-0.44,0.29,9.6,3,3,3,3,0
43661,85.56,-2.38,-1.37,0.25,0.19,0,-0.48,0.21,9.42,3,3,3,3,0
43701,85.56,-2.44,-1.37,-1,0.25,0.19,-0.55,0.21,9.27,3,3,3,3,0
43740,85.56,-2.44,-1.37,-1,0.31,0.12,-0.55,0.22,9.25,3,3,3,3,0
43778,85.56,-2.44,-1.37,-0.37,0.19,0,-0.46,0.36,9.52,3,3,3,3,0
43813,85.56,-2.44,-1.37,0.19,-0.12,0,-0.44,0.34,9.59,3,3,3,3,0
43851,85.56,-2.44,-1.37,-0.19,0.12,0,-0.5,0.33,9.54,3,3,3,3,0
43890,85.56,-2.44,-1.31,0.31,0.06,0,-0.53,0.36,9.53,3,3,3,3,0
43972,85.56,-2.44,-1.31,0.56,-0.06,-0.06,-0.42,0.29,9.58,3,3,3,3,0
44013,85.56,-2.44,-1.31,-0.19,-0.06,0,-0.52,0.27,9.41,3,3,3,3,0
44052,85.56,-2.44,-1.31,0.19,0.25,0,-0.52,0.19,9.31,3,3,3,3,0
44091,85.56,-2.44,-1.31,-0.37,0.06,0.06,-0.46,0.33,9.5,3,3,3,3,0
44129,85.56,-2.44,-1.31,0.37,0,0,-0.45,0.36,9.65,3,3,3,3,0
44165,85.56,-2.44,-1.31,-0.88,0.25,0.12,-0.45,0.34,9.64,3,3,3,3,0
44203,85.56,-2.44,-1.31,-0.19,0,0.06,-0.51,0.26,9.35,3,3,3,3,0
44243,85.56,-2.44,-1.31,0.12,0.06,0.19,-0.43,0.44,9.59,3,3,3,3,0
44281,85.56,-2.44,-1.31,0.12,-0.06,-0.12,-0.47,0.31,9.46,3,3,3,3,0
44316,85.56,-2.44,-1.31,-0.19,0.12,-0.19,-0.49,0.37,9.63,3,3,3,3,0
44367,85.56,-2.44,-1.31,-0.25,-0.19,-0.06,-0.48,0.23,9.39,3,3,3,3,0
44404,85.56,-2.44,-1.31,-0.44,0.31,-0.06,-0.44,0.4,9.66,3,3,3,3,0
44442,85.56,-2.44,-1.31,1,-0.25,-0.19,-0.43,0.42,9.7,3,3,3,3,0
44482,85.56,-2.44,-1.31,-0.12,0.12,0.06,-0.44,0.36,9.68,3,3,3,3,0
44518,85.56,-2.44,-1.31,-0.69,0.06,0.12,-0.5,0.36,9.52,3,3,3,3,0
44555,85.56,-2.44,-1.31,-0.44,0.06,0,-0.53,0.32,9.39,3,3,3,3,0
44594,85.56,-2.44,-1.31,-1.19,0.31,0.12,-0.47,0.23,9.37,3,3,3,3,0
44675,85.56,-2.44,-1.31,0.19,0,-0.12,-0.5,0.28,9.48,3,3,3,3,0
44712,85.56,-2.44,-1.31,0.5,0.25,-0.12,-0.46,0.38,9.62,3,3,3,3,0
44749,85.56,-2.44,-1.31,-0.06,0.06,0.06,-0.43,0.35,9.53,3,3,3,3,0
44788,85.56,-2.44,-1.25,-0.5,0.12,0,-0.53,0.31,9.51,3,3,3,3,0
44825,85.56,-2.44,-1.25,-0.25,0,0,-0.44,0.29,9.45,3,3,3,3,0
44865,85.56,-2.44,-1.25,-0.75,0,0.12,-0.48,0.21,9.38,3,3,3,3,0
44903,85.56,-2.44,-1.25,0.37,-0.31,-0.12,-0.44,0.36,9.58,3,3,3,3,0
44939,85.56,-2.44,-1.25,0.81,0.19,0,-0.47,0.45,9.66,3,3,3,3,0
44977,85.56,-2.44,-1.25,-0.94,0.31,0.06,-0.53,0.22,9.42,3,3,3,3,0
45018,85.56,-2.44,-1.25,0.56,0.19,-0.12,-0.45,0.33,9.59,3,3,3,3,0
45057,85.56,-2.44,-1.25,0.31,0.06,-0.12,-0.45,0.35,9.6,3,3,3,3,0
45094,85.56,-2.44,-1.25,-0.88,0.19,0.12,-0.51,0.25,9.42,3,3,3,3,0
45130,85.56,-2.44,-1.25,-0.31,0.06,0,-0.5,0.29,9.48,3,3,3,3,0
45168,85.56,-2.44,-1.25,-0.63,0,0.06,-0.46,0.34,9.57,3,3,3,3,0
45207,85.56,-2.44,-1.25,0.12,-0.06,-0.06,-0.45,0.4,9.62,3,3,3,3,0
45248,85.56,-2.44,-1.25,-0.06,-0.19,0.06,-0.48,0.31,9.45,3,3,3,3,0
45330,85.56,-2.44,-1.25,0.06,-0.12,-0.06,-0.46,0.37,9.59,3,3,3,3,0
45369,85.56,-2.44,-1.25,-0.88,0.06,0.06,-0.47,0.19,9.4,3,3,3,3,0
45408,85.56,-2.44,-1.25,-0.12,-0.06,0.06,-0.5,0.33,9.57,3,3,3,3,0
45445,85.56,-2.44,-1.25,-0.12,0.31,0,-0.5,0.37,9.53,3,3,3,3,0
45481,85.56,-2.44,-1.25,-0.5,0.12,0,-0.45,0.39,9.66,3,3,3,3,0
45521,85.56,-2.44,-1.25,0.63,0.25,-0.12,-0.46,0.37,9.65,3,3,3,3,0
45559,85.56,-2.44,-1.25,0.44,0,0,-0.42,0.36,9.59,3,3,3,3,0
45598,85.56,-2.44,-1.25,0.44,0,0,-0.52,0.29,9.52,3,3,3,3,0
45634,85.56,-2.44,-1.25,-2.13,-0.25,0.12,-0.62,0.54,9.61,3,3,3,3,0
45671,85.56,-2.44,-1.25,1,0.19,-0.06,-0.41,0.37,9.52,3,3,3,3,0
45710,85.56,-2.44,-1.31,0.19,0.44,0,-0.45,0.33,9.54,3,3,3,3,0
45748,85.56,-2.44,-1.31,0.12,-0.37,-0.12,-0.44,0.36,9.65,3,3,3,3,0
45787,85.56,-2.5,-1.31,-1.44,0.25,0.25,-0.62,0.13,9.2,3,3,3,3,0
45824,85.56,-2.5,-1.31,-0.44,-0.19,-0.06,-0.52,0.26,9.41,3,3,3,3,0
45861,85.56,-2.5,-1.31,-0.19,0.12,0.06,-0.42,0.34,9.6,3,3,3,3,0
45899,85.56,-2.5,-1.31,-1.12,-0.12,0.12,-0.39,0.23,9.39,3,3,3,3,0
45936,85.56,-2.5,-1.31,0.63,0.31,0,-0.51,0.37,9.63,3,3,3,3,0
46017,85.56,-2.5,-1.31,-1.19,0.19,0.19,-0.47,0.33,9.42,3,3,3,3,0
46056,85.56,-2.5,-1.31,0.31,-0.19,-0.06,-0.45,0.31,9.51,3,3,3,3,0
46094,85.56,-2.5,-1.31,-0.25,-0.19,0.06,-0.49,0.3,9.56,3,3,3,3,0
46130,85.56,-2.5,-1.37,0.31,0.19,-0.06,-0.45,0.39,9.64,3,3,3,3,0
46167,85.56,-2.5,-1.37,-0.75,0.06,0,-0.44,0.3,9.46,3,3,3,3,0
46203,85.56,-2.5,-1.37,-0.19,-0.19,0.06,-0.51,0.31,9.45,3,3,3,3,0
46243,85.56,-2.56,-1.37,0.19,0.12,0.06,-0.45,0.33,9.54,3,3,3,3,0
46279,85.56,-2.56,-1.37,-0.25,0,0.06,-0.4,0.18,9.49,3,3,3,3,0
46315,85.56,-2.56,-1.37,2.44,0.12,-0.06,-0.49,0.4,9.53,3,3,3,3,0
46350,85.56,-2.56,-1.37,-1.44,0.75,0.12,-0.42,0.28,9.47,3,3,3,3,0
46385,85.56,-2.56,-1.37,-0.75,0.25,-0.06,-0.57,0.03,9.11,3,3,3,3,0
46418,85.56,-2.56,-1.37,1.69,0.19,-0.19,-0.46,0.36,9.44,3,3,3,3,0
46454,85.56,-2.56,-1.44,-0.19,0.37,-0.12,-0.44,0.33,9.59,3,3,3,3,0
46487,85.56,-2.56,-1.44,-0.63,0,0.12,-0.51,0.23,9.5,3,3,3,3,0
46547,85.56,-2.56,-1.44,-2.5,0.63,0.31,-0.57,0.05,8.94,3,3,3,3,0
46584,85.56,-2.63,-1.44,-2.94,1.12,0.37,-0.71,0.1,9.01,3,3,3,3,0
46680,85.56,-2.63,-1.44,-0.81,1.88,0.06,-0.56,0.44,9.44,3,3,3,3,0
46716,85.56,-2.63,-1.37,0,-2.19,0,-0.43,0.29,9.74,3,3,3,3,0
46754,85.56,-2.56,-1.37,1.37,-0.56,-0.19,-0.29,0.54,9.96,3,3,3,3,0
46790,85.56,-2.63,-1.44,0.06,1.19,-0.06,-0.43,0.23,9.51,3,3,3,3,0
46829,85.56,-2.63,-1.44,-0.75,-1.19,0.12,-0.53,0.27,9.46,3,3,3,3,0
46867,85.56,-2.56,-1.44,-0.44,-1.25,0.19,-0.47,0.27,9.4,3,3,3,3,0
46905,85.56,-2.63,-1.44,-0.25,1.81,-0.12,-0.52,0.31,9.37,3,3,3,3,0
46942,85.56,-2.63,-1.44,-0.19,-0.31,0.06,-0.55,0.34,9.46,3,3,3,3,0
46979,85.56,-2.63,-1.44,0.88,-0.44,0,-0.38,0.37,9.69,3,3,3,3,0
47017,85.56,-2.63,-1.44,1.88,0.81,-0.25,-0.39,0.54,9.84,3,3,3,3,0
47057,85.56,-2.63,-1.44,-0.19,0,0.19,-0.52,0.26,9.33,3,3,3,3,0
47093,85.56,-2.63,-1.44,-1.37,-0.56,0.19,-0.47,0.17,9.3,3,3,3,3,0
47130,85.56,-2.63,-1.44,0.06,0.88,-0.06,-0.5,0.33,9.44,3,3,3,3,0
47168,85.56,-2.63,-1.44,-0.81,0.06,0.19,-0.44,0.38,9.65,3,3,3,3,0
47207,85.56,-2.88,-1.5,5.38,20.31,0.19,0.47,0.89,10.35,3,3,3,3,0
47243,85.44,-3.94,-1.44,-19.19,-24.44,-0.94,-1.65,4.93,14.74,3,3,3,3,0
47330,84.19,-4.25,-1.81,-10.5,1.88,44.19,-1.88,0.31,9.14,3,3,3,3,0
47369,82.44,-3.81,-1.69,-12.38,-13.38,32.25,-0.41,-1.01,8.44,3,3,3,3,0
47407,82.19,-3.44,-1.69,14.19,-7.94,-12.88,-0.84,1.48,12.43,3,3,3,3,0
47443,82.87,-3.13,-1.56,-16.37,-11.94,-8.31,-0.05,-1.36,7.69,3,3,3,3,0
47481,82.81,-2.5,-1.37,-11.06,-28.5,6.75,1.04,0.19,9.1,3,3,3,3,0
47519,81.5,-0.63,-1,-22.44,-59.69,50.56,-0.66,-0.73,7.4,3,3,3,3,0
47559,79.81,1.69,-0.06,-15.13,-54.31,44.88,-0.38,1.69,10.46,3,3,3,3,0
47598,79.25,2.44,1.19,-84.25,2.44,0.5,-0.78,2.18,10.83,3,3,3,3,0
47634,79.94,2.13,4.69,-81.94,-0.5,-19.62,1.01,-2.36,6.56,3,3,3,3,0
47672,80.37,2.44,6.13,-23.94,-9.56,-18,1.8,0.18,11.5,3,3,3,3,0
47711,81.44,2.5,7.44,-62.06,2.69,-31.81,0.91,-2.09,8.58,3,3,3,3,0
47747,82.19,3,10.19,-58.44,-25.06,-7.81,1.54,-5.6,6.48,3,3,3,3,0
47783,81.56,4.06,9.94,33.5,-27.44,18.94,0.83,1.38,14.96,3,3,3,3,0
47823,81.06,4.06,10.06,-13.88,16.5,7.06,0.43,0.24,8.93,3,3,3,3,0
47861,80.81,3.81,10.69,-12.31,-6.75,34.38,-0.48,0.89,9.17,3,3,3,3,0
47897,79.81,3.88,10.75,-6.88,-12.13,13.06,-0.24,-2.59,7.76,3,3,3,3,0
47934,79.44,4.13,11.06,-8.56,2.94,17.12,0.78,-3.57,9.04,3,3,3,3,0
